<?xml version="1.0" encoding="UTF-8"?>
<project-private xmlns="http://www.netbeans.org/ns/project-private/1">
    <editor-bookmarks xmlns="http://www.netbeans.org/ns/editor-bookmarks/2" lastBookmarkId="0"/>
    <open-files xmlns="http://www.netbeans.org/ns/projectui-open-files/2">
        <group>
            <file>file:/C:/Users/Jose%20Fabricio%20Silva/OneDrive/Documentos/DepRepProduto_Novo/DepRepProduto_16_06_2025/src/ete/piviews/InsetVendaFunc.java</file>
            <file>file:/C:/Users/Jose%20Fabricio%20Silva/OneDrive/Documentos/DepRepProduto_Novo/DepRepProduto_16_06_2025/src/ete/piviews/editarCliente.java</file>
            <file>file:/C:/Users/Jose%20Fabricio%20Silva/OneDrive/Documentos/DepRepProduto_Novo/DepRepProduto_16_06_2025/src/ete/pirepositorio/RepProduto.java</file>
            <file>file:/C:/Users/Jose%20Fabricio%20Silva/OneDrive/Documentos/DepRepProduto_Novo/DepRepProduto_16_06_2025/src/ete/negocios/Venda.java</file>
            <file>file:/C:/Users/Jose%20Fabricio%20Silva/OneDrive/Documentos/DepRepProduto_Novo/DepRepProduto_16_06_2025/src/ete/piviews/TelaCadastroFunc.java</file>
            <file>file:/C:/Users/Jose%20Fabricio%20Silva/OneDrive/Documentos/DepRepProduto_Novo/DepRepProduto_16_06_2025/src/ete/pi/util/utilNotaFiscal.java</file>
            <file>file:/C:/Users/Jose%20Fabricio%20Silva/OneDrive/Documentos/DepRepProduto_Novo/DepRepProduto_16_06_2025/src/ete/piviews/TelaOpcoesProd.java</file>
            <file>file:/C:/Users/Jose%20Fabricio%20Silva/OneDrive/Documentos/DepRepProduto_Novo/DepRepProduto_16_06_2025/src/ete/pirepositorio/RepVenda.java</file>
            <file>file:/C:/Users/Jose%20Fabricio%20Silva/OneDrive/Documentos/DepRepProduto_Novo/DepRepProduto_16_06_2025/src/ete/piviews/TelaPrincipal1.java</file>
            <file>file:/C:/Users/Jose%20Fabricio%20Silva/OneDrive/Documentos/DepRepProduto_Novo/DepRepProduto_16_06_2025/src/ete/piviews/TelaLogin.java</file>
            <file>file:/C:/Users/Jose%20Fabricio%20Silva/OneDrive/Documentos/DepRepProduto_Novo/DepRepProduto_16_06_2025/src/ete/piviews/editarFuncionario.java</file>
        </group>
    </open-files>
</project-private>
