<?xml version="1.0" encoding="UTF-8"?>
<project-private xmlns="http://www.netbeans.org/ns/project-private/1">
    <editor-bookmarks xmlns="http://www.netbeans.org/ns/editor-bookmarks/2" lastBookmarkId="0"/>
    <open-files xmlns="http://www.netbeans.org/ns/projectui-open-files/2">
        <group>
            <file>file:/C:/Users/Jose%20Fabricio%20Silva/OneDrive/Documentos/AppHerança/AppHerança/src/ete/negocios/Principal.java</file>
            <file>file:/C:/Users/Jose%20Fabricio%20Silva/OneDrive/Documentos/AppHerança/AppHerança/src/ete/negocios/Venda.java</file>
            <file>file:/C:/Users/Jose%20Fabricio%20Silva/OneDrive/Documentos/AppHerança/AppHerança/src/ete/piviews/telaCadastro.java</file>
            <file>file:/C:/Users/Jose%20Fabricio%20Silva/OneDrive/Documentos/AppHerança/AppHerança/src/ete/negocios/Funcionário.java</file>
            <file>file:/C:/Users/Jose%20Fabricio%20Silva/OneDrive/Documentos/AppHerança/AppHerança/src/ete/negocios/Pessoa.java</file>
            <file>file:/C:/Users/Jose%20Fabricio%20Silva/OneDrive/Documentos/AppHerança/AppHerança/src/ete/piviews/TelaLogin.java</file>
            <file>file:/C:/Users/Jose%20Fabricio%20Silva/OneDrive/Documentos/AppHerança/AppHerança/src/ete/negocios/ItemVenda.java</file>
            <file>file:/C:/Users/Jose%20Fabricio%20Silva/OneDrive/Documentos/AppHerança/AppHerança/src/ete/negocios/Produto.java</file>
            <file>file:/C:/Users/Jose%20Fabricio%20Silva/OneDrive/Documentos/AppHerança/AppHerança/src/ete/negocios/Cliente.java</file>
        </group>
    </open-files>
</project-private>
